{"cameraMode":{"drawMode":0,"name":"Shaded","section":"Shading Mode"},"sceneLighting":false,"audioPlay":false,"sceneViewState":{"m_AlwaysRefresh":false,"showFog":true,"showSkybox":false,"showFlares":true,"showImageEffects":true,"showParticleSystems":true,"showVisualEffectGraphs":true,"m_FxEnabled":true},"in2DMode":false,"pivot":{"x":-2.6877052783966066,"y":1.3155543804168702,"z":1.1260100603103638},"rotation":{"x":0.05202646553516388,"y":0.6219003200531006,"z":0.041489750146865848,"w":-0.7803211212158203},"size":3.9131128787994386,"orthographic":false}